{
    "swagger": "2.0",
    "info": {
        "title": "Swagger Map Example API",
        "termsOfService": "http://swagger.io/terms/",
        "contact": {},
        "license": {
            "name": "Apache 2.0",
            "url": "http://www.apache.org/licenses/LICENSE-2.0.html"
        },
        "version": "1.0"
    },
    "host": "localhost:8080",
    "basePath": "/api/v1",
    "paths": {
        "/test": {
            "get": {
                "description": "get map",
                "consumes": [
                    "application/json"
                ],
                "produces": [
                    "application/json"
                ],
                "summary": "Get Map Example",
                "operationId": "get-map",
                "responses": {
                    "200": {
                        "description": "OK",
                        "schema": {
                            "$ref": "#/definitions/controller.Response"
                        }
                    }
                }
            }
        }
    },
    "definitions": {
        "controller.Data": {
            "type": "object",
            "properties": {
                "title": {
                    "type": "string",
                    "example": "Object data"
                }
            }
        },
        "controller.Response": {
            "type": "object",
            "properties": {
                "map_data": {
                    "type": "object",
                    "additionalProperties": {
                        "type": "string"
                    },
                    "example": {
                        "key": "value",
                        "key2": "value2"
                    }
                },
                "object": {
                    "$ref": "#/definitions/controller.Data"
                },
                "title": {
                    "type": "object",
                    "additionalProperties": {
                        "type": "string"
                    },
                    "example": {
                        "en": "Map",
                        "kk": "Карталар",
                        "ru": "Карта"
                    }
                }
            }
        }
    }
}